                station,valid,lon,lat,tmpf,relh,drct,sped,mslp,p01m,vsby,skyc1,skyc2,skyc3,skyl1,skyl2,skyl3
                 MKC,2023-05-19 00:00,-94.593,39.123,M,M,160.00,9.20,M,M,10.0,FEW,SCT,M,7500.00,9500.00,M
                 MKC,2023-05-19 00:05,-94.593,39.123,M,M,170.00,9.20,M,M,10.0,FEW,SCT,M,7500.00,9500.00,M
                         MKC,2023-05-19 00:10,-94.593,39.123,M,M,180.00,8.05,M,M,10.0,FEW,M,M,7500.00,M,M
                               MKC,2023-05-19 00:15,-94.593,39.123,M,M,180.00,9.20,M,M,10.0,CLR,M,M,M,M,M
                               MKC,2023-05-19 00:20,-94.593,39.123,M,M,180.00,9.20,M,M,10.0,CLR,M,M,M,M,M
                               MKC,2023-05-19 00:25,-94.593,39.123,M,M,180.00,9.20,M,M,10.0,CLR,M,M,M,M,M
                               MKC,2023-05-19 00:30,-94.593,39.123,M,M,190.00,9.20,M,M,10.0,CLR,M,M,M,M,M
                               MKC,2023-05-19 00:35,-94.593,39.123,M,M,190.00,9.20,M,M,10.0,CLR,M,M,M,M,M
                               MKC,2023-05-19 00:40,-94.593,39.123,M,M,180.00,5.75,M,M,10.0,CLR,M,M,M,M,M
                         MKC,2023-05-19 00:45,-94.593,39.123,M,M,190.00,8.05,M,M,10.0,FEW,M,M,6500.00,M,M
                         MKC,2023-05-19 00:50,-94.593,39.123,M,M,180.00,9.20,M,M,10.0,FEW,M,M,6500.00,M,M
        MKC,2023-05-19 00:54,-94.593,39.123,79.00,46.87,180.00,6.90,1011.50,0.00,10.0,FEW,M,M,6500.00,M,M
                         MKC,2023-05-19 00:55,-94.593,39.123,M,M,180.00,8.05,M,M,10.0,FEW,M,M,6500.00,M,M
                         MKC,2023-05-19 01:00,-94.593,39.123,M,M,190.00,5.75,M,M,10.0,FEW,M,M,6500.00,M,M
                         MKC,2023-05-19 01:05,-94.593,39.123,M,M,170.00,8.05,M,M,10.0,FEW,M,M,6500.00,M,M
                               MKC,2023-05-19 01:10,-94.593,39.123,M,M,180.00,9.20,M,M,10.0,CLR,M,M,M,M,M
                               MKC,2023-05-19 01:15,-94.593,39.123,M,M,180.00,8.05,M,M,10.0,CLR,M,M,M,M,M
                         MKC,2023-05-19 01:20,-94.593,39.123,M,M,170.00,8.05,M,M,10.0,FEW,M,M,7000.00,M,M
                         MKC,2023-05-19 01:25,-94.593,39.123,M,M,180.00,5.75,M,M,10.0,FEW,M,M,7000.00,M,M
                         MKC,2023-05-19 01:30,-94.593,39.123,M,M,180.00,5.75,M,M,10.0,FEW,M,M,6500.00,M,M
                         MKC,2023-05-19 01:35,-94.593,39.123,M,M,180.00,5.75,M,M,10.0,FEW,M,M,7000.00,M,M
                         MKC,2023-05-19 01:40,-94.593,39.123,M,M,180.00,5.75,M,M,10.0,FEW,M,M,7000.00,M,M
                         MKC,2023-05-19 01:45,-94.593,39.123,M,M,190.00,4.60,M,M,10.0,FEW,M,M,6500.00,M,M
                         MKC,2023-05-19 01:50,-94.593,39.123,M,M,200.00,4.60,M,M,10.0,SCT,M,M,6500.00,M,M
MKC,2023-05-19 01:54,-94.593,39.123,75.00,55.28,200.00,4.60,1012.20,0.00,10.0,SCT,SCT,M,6500.00,9500.00,M
                 MKC,2023-05-19 01:55,-94.593,39.123,M,M,200.00,4.60,M,M,10.0,SCT,SCT,M,6500.00,9500.00,M
                MKC,2023-05-19 02:00,-94.593,39.123,M,M,210.00,4.60,M,M,10.0,SCT,BKN,M,6500.00,10000.00,M
                MKC,2023-05-19 02:05,-94.593,39.123,M,M,230.00,2.30,M,M,10.0,SCT,BKN,M,6500.00,10000.00,M
                MKC,2023-05-19 02:10,-94.593,39.123,M,M,230.00,4.60,M,M,10.0,BKN,BKN,M,6000.00,10000.00,M
                MKC,2023-05-19 02:15,-94.593,39.123,M,M,230.00,4.60,M,M,10.0,BKN,OVC,M,6000.00,10000.00,M
        MKC,2023-05-19 02:20,-94.593,39.123,M,M,250.00,2.30,M,M,10.0,BKN,BKN,OVC,6500.00,8000.00,10000.00
                 MKC,2023-05-19 02:25,-94.593,39.123,M,M,240.00,2.30,M,M,10.0,BKN,OVC,M,6500.00,8000.00,M
                         MKC,2023-05-19 02:30,-94.593,39.123,M,M,210.00,2.30,M,M,10.0,OVC,M,M,6500.00,M,M
                 MKC,2023-05-19 02:35,-94.593,39.123,M,M,210.00,4.60,M,M,10.0,BKN,OVC,M,6500.00,8000.00,M
                 MKC,2023-05-19 02:40,-94.593,39.123,M,M,220.00,4.60,M,M,10.0,BKN,OVC,M,6500.00,8500.00,M
                 MKC,2023-05-19 02:45,-94.593,39.123,M,M,220.00,4.60,M,M,10.0,BKN,OVC,M,6500.00,9000.00,M
                 MKC,2023-05-19 02:50,-94.593,39.123,M,M,220.00,5.75,M,M,10.0,BKN,OVC,M,6500.00,9000.00,M
MKC,2023-05-19 02:54,-94.593,39.123,74.00,59.66,210.00,5.75,1012.80,0.00,10.0,BKN,OVC,M,6500.00,9000.00,M
                 MKC,2023-05-19 02:55,-94.593,39.123,M,M,210.00,5.75,M,M,10.0,BKN,OVC,M,6500.00,9000.00,M
                 MKC,2023-05-19 03:00,-94.593,39.123,M,M,210.00,5.75,M,M,10.0,BKN,OVC,M,6500.00,9000.00,M
                 MKC,2023-05-19 03:05,-94.593,39.123,M,M,200.00,5.75,M,M,10.0,BKN,OVC,M,6500.00,9000.00,M
                 MKC,2023-05-19 03:10,-94.593,39.123,M,M,210.00,5.75,M,M,10.0,BKN,OVC,M,6500.00,9000.00,M
                         MKC,2023-05-19 03:15,-94.593,39.123,M,M,210.00,5.75,M,M,10.0,OVC,M,M,6500.00,M,M
                         MKC,2023-05-19 03:20,-94.593,39.123,M,M,240.00,4.60,M,M,10.0,BKN,M,M,6500.00,M,M
                         MKC,2023-05-19 03:25,-94.593,39.123,M,M,240.00,4.60,M,M,10.0,BKN,M,M,6500.00,M,M
                 MKC,2023-05-19 03:30,-94.593,39.123,M,M,240.00,4.60,M,M,10.0,SCT,SCT,M,6500.00,9500.00,M
                 MKC,2023-05-19 03:35,-94.593,39.123,M,M,240.00,5.75,M,M,10.0,SCT,SCT,M,6500.00,9500.00,M
                         MKC,2023-05-19 03:40,-94.593,39.123,M,M,240.00,5.75,M,M,10.0,FEW,M,M,6500.00,M,M
                               MKC,2023-05-19 03:45,-94.593,39.123,M,M,230.00,5.75,M,M,10.0,CLR,M,M,M,M,M
                               MKC,2023-05-19 03:50,-94.593,39.123,M,M,220.00,8.05,M,M,10.0,CLR,M,M,M,M,M
              MKC,2023-05-19 03:54,-94.593,39.123,74.00,59.66,220.00,8.05,1013.40,0.00,10.0,CLR,M,M,M,M,M
                               MKC,2023-05-19 03:55,-94.593,39.123,M,M,220.00,9.20,M,M,10.0,CLR,M,M,M,M,M
                               MKC,2023-05-19 04:00,-94.593,39.123,M,M,220.00,5.75,M,M,10.0,CLR,M,M,M,M,M
                               MKC,2023-05-19 04:05,-94.593,39.123,M,M,220.00,5.75,M,M,10.0,CLR,M,M,M,M,M
                               MKC,2023-05-19 04:10,-94.593,39.123,M,M,220.00,5.75,M,M,10.0,CLR,M,M,M,M,M
                               MKC,2023-05-19 04:15,-94.593,39.123,M,M,220.00,5.75,M,M,10.0,CLR,M,M,M,M,M
                               MKC,2023-05-19 04:20,-94.593,39.123,M,M,210.00,5.75,M,M,10.0,CLR,M,M,M,M,M
                               MKC,2023-05-19 04:25,-94.593,39.123,M,M,210.00,5.75,M,M,10.0,CLR,M,M,M,M,M
                               MKC,2023-05-19 04:30,-94.593,39.123,M,M,210.00,8.05,M,M,10.0,CLR,M,M,M,M,M
                               MKC,2023-05-19 04:35,-94.593,39.123,M,M,210.00,5.75,M,M,10.0,CLR,M,M,M,M,M
                               MKC,2023-05-19 04:40,-94.593,39.123,M,M,210.00,5.75,M,M,10.0,CLR,M,M,M,M,M
                               MKC,2023-05-19 04:45,-94.593,39.123,M,M,210.00,5.75,M,M,10.0,CLR,M,M,M,M,M
                               MKC,2023-05-19 04:50,-94.593,39.123,M,M,210.00,5.75,M,M,10.0,CLR,M,M,M,M,M
              MKC,2023-05-19 04:54,-94.593,39.123,69.00,70.21,220.00,8.05,1013.30,0.00,10.0,CLR,M,M,M,M,M
                               MKC,2023-05-19 04:55,-94.593,39.123,M,M,220.00,8.05,M,M,10.0,CLR,M,M,M,M,M
                               MKC,2023-05-19 05:00,-94.593,39.123,M,M,220.00,8.05,M,M,10.0,CLR,M,M,M,M,M
                               MKC,2023-05-19 05:05,-94.593,39.123,M,M,220.00,8.05,M,M,10.0,CLR,M,M,M,M,M
                               MKC,2023-05-19 05:10,-94.593,39.123,M,M,220.00,5.75,M,M,10.0,CLR,M,M,M,M,M
                               MKC,2023-05-19 05:15,-94.593,39.123,M,M,230.00,5.75,M,M,10.0,CLR,M,M,M,M,M
                               MKC,2023-05-19 05:20,-94.593,39.123,M,M,270.00,5.75,M,M,10.0,CLR,M,M,M,M,M
                               MKC,2023-05-19 05:25,-94.593,39.123,M,M,310.00,8.05,M,M,10.0,CLR,M,M,M,M,M
                               MKC,2023-05-19 05:30,-94.593,39.123,M,M,260.00,5.75,M,M,10.0,CLR,M,M,M,M,M
                               MKC,2023-05-19 05:35,-94.593,39.123,M,M,280.00,5.75,M,M,10.0,CLR,M,M,M,M,M
                               MKC,2023-05-19 05:40,-94.593,39.123,M,M,230.00,5.75,M,M,10.0,CLR,M,M,M,M,M
                               MKC,2023-05-19 05:45,-94.593,39.123,M,M,220.00,8.05,M,M,10.0,CLR,M,M,M,M,M
                               MKC,2023-05-19 05:50,-94.593,39.123,M,M,230.00,5.75,M,M,10.0,CLR,M,M,M,M,M
                   MKC,2023-05-19 05:54,-94.593,39.123,70.00,68.09,M,3.45,1013.50,0.00,10.0,CLR,M,M,M,M,M
                               MKC,2023-05-19 05:55,-94.593,39.123,M,M,300.00,2.30,M,M,10.0,CLR,M,M,M,M,M
                                 MKC,2023-05-19 06:00,-94.593,39.123,M,M,0.00,0.00,M,M,10.0,CLR,M,M,M,M,M
                                 MKC,2023-05-19 06:05,-94.593,39.123,M,M,0.00,0.00,M,M,10.0,CLR,M,M,M,M,M
                                 MKC,2023-05-19 06:10,-94.593,39.123,M,M,0.00,0.00,M,M,10.0,CLR,M,M,M,M,M
                                 MKC,2023-05-19 06:15,-94.593,39.123,M,M,0.00,0.00,M,M,10.0,CLR,M,M,M,M,M
                                 MKC,2023-05-19 06:20,-94.593,39.123,M,M,0.00,0.00,M,M,10.0,CLR,M,M,M,M,M
                                 MKC,2023-05-19 06:25,-94.593,39.123,M,M,0.00,0.00,M,M,10.0,CLR,M,M,M,M,M
                               MKC,2023-05-19 06:30,-94.593,39.123,M,M,320.00,2.30,M,M,10.0,CLR,M,M,M,M,M
                               MKC,2023-05-19 06:35,-94.593,39.123,M,M,330.00,2.30,M,M,10.0,CLR,M,M,M,M,M
                                 MKC,2023-05-19 06:40,-94.593,39.123,M,M,0.00,0.00,M,M,10.0,CLR,M,M,M,M,M
                                 MKC,2023-05-19 06:45,-94.593,39.123,M,M,0.00,0.00,M,M,10.0,CLR,M,M,M,M,M
                                 MKC,2023-05-19 06:50,-94.593,39.123,M,M,0.00,0.00,M,M,10.0,CLR,M,M,M,M,M
                MKC,2023-05-19 06:54,-94.593,39.123,69.00,73.03,0.00,0.00,1013.40,0.00,10.0,CLR,M,M,M,M,M
                                 MKC,2023-05-19 06:55,-94.593,39.123,M,M,0.00,0.00,M,M,10.0,CLR,M,M,M,M,M
                        MKC,2023-05-19 07:00,-94.593,39.123,M,M,200.00,2.30,M,M,10.0,FEW,M,M,11000.00,M,M
                        MKC,2023-05-19 07:05,-94.593,39.123,M,M,200.00,2.30,M,M,10.0,FEW,M,M,11000.00,M,M
                        MKC,2023-05-19 07:10,-94.593,39.123,M,M,200.00,4.60,M,M,10.0,SCT,M,M,11000.00,M,M
                        MKC,2023-05-19 07:15,-94.593,39.123,M,M,210.00,2.30,M,M,10.0,FEW,M,M,11000.00,M,M
                        MKC,2023-05-19 07:20,-94.593,39.123,M,M,310.00,2.30,M,M,10.0,FEW,M,M,11000.00,M,M
                        MKC,2023-05-19 07:25,-94.593,39.123,M,M,340.00,4.60,M,M,10.0,FEW,M,M,11000.00,M,M
                        MKC,2023-05-19 07:30,-94.593,39.123,M,M,340.00,2.30,M,M,10.0,SCT,M,M,11000.00,M,M
                          MKC,2023-05-19 07:35,-94.593,39.123,M,M,0.00,0.00,M,M,10.0,BKN,M,M,12000.00,M,M
                          MKC,2023-05-19 07:40,-94.593,39.123,M,M,0.00,0.00,M,M,10.0,BKN,M,M,12000.00,M,M
                          MKC,2023-05-19 07:45,-94.593,39.123,M,M,0.00,0.00,M,M,10.0,BKN,M,M,12000.00,M,M
                          MKC,2023-05-19 07:50,-94.593,39.123,M,M,0.00,0.00,M,M,10.0,BKN,M,M,12000.00,M,M
         MKC,2023-05-19 07:54,-94.593,39.123,68.00,78.30,0.00,0.00,1013.60,0.00,10.0,BKN,M,M,12000.00,M,M
                          MKC,2023-05-19 07:55,-94.593,39.123,M,M,0.00,0.00,M,M,10.0,BKN,M,M,12000.00,M,M
                          MKC,2023-05-19 08:00,-94.593,39.123,M,M,0.00,0.00,M,M,10.0,SCT,M,M,12000.00,M,M
                          MKC,2023-05-19 08:05,-94.593,39.123,M,M,0.00,0.00,M,M,10.0,SCT,M,M,11000.00,M,M
                        MKC,2023-05-19 08:10,-94.593,39.123,M,M,360.00,2.30,M,M,10.0,BKN,M,M,11000.00,M,M
                        MKC,2023-05-19 08:15,-94.593,39.123,M,M,360.00,4.60,M,M,10.0,FEW,M,M,11000.00,M,M
                        MKC,2023-05-19 08:20,-94.593,39.123,M,M,350.00,2.30,M,M,10.0,FEW,M,M,11000.00,M,M
                        MKC,2023-05-19 08:25,-94.593,39.123,M,M,360.00,2.30,M,M,10.0,FEW,M,M,11000.00,M,M
                          MKC,2023-05-19 08:30,-94.593,39.123,M,M,0.00,0.00,M,M,10.0,SCT,M,M,11000.00,M,M
                          MKC,2023-05-19 08:35,-94.593,39.123,M,M,0.00,0.00,M,M,10.0,BKN,M,M,11000.00,M,M
                          MKC,2023-05-19 08:40,-94.593,39.123,M,M,0.00,0.00,M,M,10.0,SCT,M,M,11000.00,M,M
                          MKC,2023-05-19 08:45,-94.593,39.123,M,M,0.00,0.00,M,M,10.0,SCT,M,M,11000.00,M,M
                          MKC,2023-05-19 08:50,-94.593,39.123,M,M,0.00,0.00,M,M,10.0,FEW,M,M,11000.00,M,M
         MKC,2023-05-19 08:54,-94.593,39.123,68.00,78.30,0.00,0.00,1013.40,0.00,10.0,FEW,M,M,11000.00,M,M
                          MKC,2023-05-19 08:55,-94.593,39.123,M,M,0.00,0.00,M,M,10.0,FEW,M,M,11000.00,M,M
                          MKC,2023-05-19 09:00,-94.593,39.123,M,M,0.00,0.00,M,M,10.0,FEW,M,M,11000.00,M,M
                                 MKC,2023-05-19 09:05,-94.593,39.123,M,M,0.00,0.00,M,M,10.0,CLR,M,M,M,M,M
                          MKC,2023-05-19 09:10,-94.593,39.123,M,M,0.00,0.00,M,M,10.0,FEW,M,M,11000.00,M,M
                          MKC,2023-05-19 09:15,-94.593,39.123,M,M,0.00,0.00,M,M,10.0,SCT,M,M,11000.00,M,M
                          MKC,2023-05-19 09:20,-94.593,39.123,M,M,0.00,0.00,M,M,10.0,BKN,M,M,11000.00,M,M
                          MKC,2023-05-19 09:25,-94.593,39.123,M,M,0.00,0.00,M,M,10.0,BKN,M,M,11000.00,M,M
                          MKC,2023-05-19 09:30,-94.593,39.123,M,M,0.00,0.00,M,M,10.0,BKN,M,M,11000.00,M,M
                          MKC,2023-05-19 09:35,-94.593,39.123,M,M,0.00,0.00,M,M,10.0,OVC,M,M,11000.00,M,M
                  MKC,2023-05-19 09:40,-94.593,39.123,M,M,0.00,0.00,M,M,10.0,FEW,OVC,M,6500.00,11000.00,M
                  MKC,2023-05-19 09:45,-94.593,39.123,M,M,0.00,0.00,M,M,10.0,SCT,OVC,M,6000.00,11000.00,M
                  MKC,2023-05-19 09:50,-94.593,39.123,M,M,0.00,0.00,M,M,10.0,BKN,OVC,M,6000.00,11000.00,M
 MKC,2023-05-19 09:54,-94.593,39.123,69.00,75.40,0.00,0.00,1013.50,0.00,10.0,BKN,OVC,M,6500.00,11000.00,M
                  MKC,2023-05-19 09:55,-94.593,39.123,M,M,0.00,0.00,M,M,10.0,BKN,OVC,M,6500.00,11000.00,M
                  MKC,2023-05-19 10:00,-94.593,39.123,M,M,0.00,0.00,M,M,10.0,BKN,OVC,M,6000.00,11000.00,M
                           MKC,2023-05-19 10:05,-94.593,39.123,M,M,0.00,0.00,M,M,10.0,OVC,M,M,6000.00,M,M
                           MKC,2023-05-19 10:10,-94.593,39.123,M,M,0.00,0.00,M,M,10.0,OVC,M,M,6000.00,M,M
                           MKC,2023-05-19 10:15,-94.593,39.123,M,M,0.00,0.00,M,M,10.0,OVC,M,M,6000.00,M,M
                         MKC,2023-05-19 10:20,-94.593,39.123,M,M,360.00,5.75,M,M,10.0,OVC,M,M,6000.00,M,M
                         MKC,2023-05-19 10:25,-94.593,39.123,M,M,360.00,5.75,M,M,10.0,OVC,M,M,6000.00,M,M
                         MKC,2023-05-19 10:30,-94.593,39.123,M,M,340.00,5.75,M,M,10.0,OVC,M,M,6000.00,M,M
                         MKC,2023-05-19 10:35,-94.593,39.123,M,M,350.00,5.75,M,M,10.0,OVC,M,M,6000.00,M,M
                         MKC,2023-05-19 10:40,-94.593,39.123,M,M,360.00,4.60,M,M,10.0,OVC,M,M,6000.00,M,M
                         MKC,2023-05-19 10:45,-94.593,39.123,M,M,360.00,2.30,M,M,10.0,OVC,M,M,6000.00,M,M
                           MKC,2023-05-19 10:50,-94.593,39.123,M,M,0.00,0.00,M,M,10.0,OVC,M,M,6000.00,M,M
          MKC,2023-05-19 10:54,-94.593,39.123,68.00,78.30,0.00,0.00,1013.90,0.00,10.0,OVC,M,M,6000.00,M,M
                           MKC,2023-05-19 10:55,-94.593,39.123,M,M,0.00,0.00,M,M,10.0,OVC,M,M,6000.00,M,M
                           MKC,2023-05-19 11:00,-94.593,39.123,M,M,0.00,0.00,M,M,10.0,OVC,M,M,6000.00,M,M
                   MKC,2023-05-19 11:05,-94.593,39.123,M,M,0.00,0.00,M,M,10.0,BKN,OVC,M,6000.00,8000.00,M
           MKC,2023-05-19 11:10,-94.593,39.123,M,M,0.00,0.00,M,M,10.0,BKN,BKN,OVC,6500.00,7500.00,9000.00
                 MKC,2023-05-19 11:15,-94.593,39.123,M,M,340.00,5.75,M,M,10.0,BKN,OVC,M,6500.00,9000.00,M
                 MKC,2023-05-19 11:20,-94.593,39.123,M,M,350.00,5.75,M,M,10.0,BKN,OVC,M,6500.00,8000.00,M
                 MKC,2023-05-19 11:25,-94.593,39.123,M,M,360.00,2.30,M,M,10.0,BKN,OVC,M,7000.00,9000.00,M
                  MKC,2023-05-19 11:30,-94.593,39.123,M,M,10.00,2.30,M,M,10.0,BKN,OVC,M,7000.00,8500.00,M
                   MKC,2023-05-19 11:35,-94.593,39.123,M,M,0.00,0.00,M,M,10.0,BKN,OVC,M,7000.00,8500.00,M
                   MKC,2023-05-19 11:40,-94.593,39.123,M,M,0.00,0.00,M,M,10.0,BKN,OVC,M,7000.00,8500.00,M
                  MKC,2023-05-19 11:45,-94.593,39.123,M,M,10.00,2.30,M,M,10.0,BKN,OVC,M,6500.00,8000.00,M
                  MKC,2023-05-19 11:50,-94.593,39.123,M,M,30.00,4.60,M,M,10.0,BKN,OVC,M,6500.00,8500.00,M
MKC,2023-05-19 11:54,-94.593,39.123,69.00,73.03,40.00,3.45,1014.50,0.0001,10.0,BKN,OVC,M,6500.00,8000.00,
                          MKC,2023-05-19 11:55,-94.593,39.123,M,M,30.00,4.60,M,M,10.0,OVC,M,M,7000.00,M,M
                  MKC,2023-05-19 12:00,-94.593,39.123,M,M,20.00,4.60,M,M,10.0,BKN,OVC,M,7000.00,8500.00,M
                          MKC,2023-05-19 12:05,-94.593,39.123,M,M,20.00,4.60,M,M,10.0,OVC,M,M,7000.00,M,M
                          MKC,2023-05-19 12:10,-94.593,39.123,M,M,40.00,4.60,M,M,10.0,OVC,M,M,7000.00,M,M
        MKC,2023-05-19 12:15,-94.593,39.123,M,M,360.00,2.30,M,M,10.0,BKN,BKN,OVC,7000.00,9000.00,10000.00
        MKC,2023-05-19 12:20,-94.593,39.123,M,M,320.00,2.30,M,M,10.0,BKN,BKN,OVC,7000.00,8500.00,10000.00
        MKC,2023-05-19 12:25,-94.593,39.123,M,M,340.00,5.75,M,M,10.0,BKN,BKN,OVC,7000.00,8000.00,11000.00
                MKC,2023-05-19 12:30,-94.593,39.123,M,M,320.00,5.75,M,M,10.0,BKN,OVC,M,6500.00,11000.00,M
                MKC,2023-05-19 12:35,-94.593,39.123,M,M,330.00,4.60,M,M,10.0,BKN,OVC,M,6000.00,10000.00,M
                MKC,2023-05-19 12:40,-94.593,39.123,M,M,350.00,5.75,M,M,10.0,BKN,OVC,M,6000.00,10000.00,M
                 MKC,2023-05-19 12:45,-94.593,39.123,M,M,20.00,8.05,M,M,10.0,BKN,OVC,M,6000.00,11000.00,M
                          MKC,2023-05-19 12:50,-94.593,39.123,M,M,10.00,5.75,M,M,10.0,OVC,M,M,6000.00,M,M
        MKC,2023-05-19 12:54,-94.593,39.123,68.00,75.84,10.00,10.35,1015.60,0.00,10.0,OVC,M,M,6000.00,M,M
                         MKC,2023-05-19 12:55,-94.593,39.123,M,M,20.00,10.35,M,M,10.0,OVC,M,M,6000.00,M,M
                         MKC,2023-05-19 13:00,-94.593,39.123,M,M,10.00,10.35,M,M,10.0,OVC,M,M,6000.00,M,M
                         MKC,2023-05-19 13:05,-94.593,39.123,M,M,20.00,10.35,M,M,10.0,OVC,M,M,6000.00,M,M
                         MKC,2023-05-19 13:10,-94.593,39.123,M,M,10.00,10.35,M,M,10.0,OVC,M,M,6000.00,M,M
                         MKC,2023-05-19 13:15,-94.593,39.123,M,M,10.00,10.35,M,M,10.0,OVC,M,M,6000.00,M,M
                         MKC,2023-05-19 13:20,-94.593,39.123,M,M,360.00,8.05,M,M,10.0,OVC,M,M,6000.00,M,M
                                  MKC,2023-05-19 13:25,-94.593,39.123,M,M,M,M,M,M,9.0,OVC,M,M,6000.00,M,M
                          MKC,2023-05-19 13:30,-94.593,39.123,M,M,M,M,M,M,7.0,FEW,OVC,M,4200.00,6000.00,M
                  MKC,2023-05-19 13:35,-94.593,39.123,M,M,M,M,M,M,6.0,FEW,FEW,OVC,2100.00,4200.00,5500.00
                  MKC,2023-05-19 13:40,-94.593,39.123,M,M,M,M,M,M,5.0,FEW,FEW,OVC,2100.00,4200.00,5500.00
                  MKC,2023-05-19 13:45,-94.593,39.123,M,M,20.00,10.35,M,M,4.0,FEW,OVC,M,4200.00,5500.00,M
                          MKC,2023-05-19 13:50,-94.593,39.123,M,M,M,M,M,M,4.0,SCT,OVC,M,4000.00,5500.00,M
 MKC,2023-05-19 13:54,-94.593,39.123,65.00,67.76,30.00,12.65,1016.90,0.00,4.0,SCT,OVC,M,4000.00,5500.00,M
                  MKC,2023-05-19 13:55,-94.593,39.123,M,M,30.00,11.50,M,M,4.0,SCT,OVC,M,4000.00,5500.00,M
                   MKC,2023-05-19 14:00,-94.593,39.123,M,M,40.00,9.20,M,M,4.0,FEW,OVC,M,4000.00,5500.00,M
           MKC,2023-05-19 14:05,-94.593,39.123,M,M,40.00,8.05,M,M,3.5,FEW,BKN,OVC,4000.00,5500.00,8500.00
        MKC,2023-05-19 14:10,-94.593,39.123,M,M,50.00,8.05,M,0.25,2.5,FEW,BKN,OVC,4000.00,5500.00,8500.00
MKC,2023-05-19 14:15,-94.593,39.123,63.00,80.76,60.00,9.20,M,0.51,2.0,FEW,BKN,OVC,4000.00,5500.00,8500.00
        MKC,2023-05-19 14:15,-94.593,39.123,M,M,60.00,9.20,M,0.51,2.0,FEW,BKN,OVC,4000.00,5500.00,8500.00
        MKC,2023-05-19 14:20,-94.593,39.123,M,M,50.00,5.75,M,0.76,2.5,BKN,BKN,OVC,5500.00,7000.00,8500.00
        MKC,2023-05-19 14:25,-94.593,39.123,M,M,50.00,4.60,M,1.02,2.0,FEW,BKN,OVC,1800.00,5500.00,8500.00
        MKC,2023-05-19 14:30,-94.593,39.123,M,M,40.00,5.75,M,1.02,2.0,SCT,BKN,OVC,1800.00,5000.00,8500.00
        MKC,2023-05-19 14:35,-94.593,39.123,M,M,40.00,5.75,M,1.27,2.5,BKN,BKN,OVC,1800.00,3700.00,5000.00
MKC,2023-05-19 14:38,-94.593,39.123,62.00,86.11,30.00,4.60,M,1.27,2.5,BKN,BKN,OVC,1800.00,3700.00,5000.00
        MKC,2023-05-19 14:40,-94.593,39.123,M,M,40.00,5.75,M,1.27,2.5,BKN,BKN,OVC,1800.00,3700.00,5500.00
MKC,2023-05-19 14:44,-94.593,39.123,63.00,86.77,20.00,5.75,M,1.27,3.0,SCT,BKN,OVC,1700.00,3700.00,5000.00
        MKC,2023-05-19 14:45,-94.593,39.123,M,M,20.00,5.75,M,1.27,3.0,SCT,BKN,OVC,1700.00,3700.00,5000.00
                MKC,2023-05-19 14:50,-94.593,39.123,M,M,20.00,9.20,M,1.27,3.5,BKN,OVC,M,1900.00,3700.00,M
MKC,2023-05-19 14:54,-94.593,39.123,63.00,86.77,350.00,16.10,1017.90,1.27,4.0,BKN,BKN,OVC,1700.00,2200.00,
                  MKC,2023-05-19 14:55,-94.593,39.123,M,M,M,M,M,M,4.0,BKN,BKN,OVC,1700.00,2200.00,3700.00
                  MKC,2023-05-19 15:00,-94.593,39.123,M,M,M,M,M,M,4.0,BKN,BKN,OVC,1700.00,2200.00,3700.00
                 MKC,2023-05-19 15:05,-94.593,39.123,M,M,350.00,14.95,M,M,4.0,BKN,OVC,M,1600.00,3700.00,M
                          MKC,2023-05-19 15:10,-94.593,39.123,M,M,M,M,M,M,4.0,BKN,OVC,M,1600.00,3700.00,M
                          MKC,2023-05-19 15:15,-94.593,39.123,M,M,M,M,M,M,4.0,BKN,OVC,M,1700.00,4100.00,M
                          MKC,2023-05-19 15:20,-94.593,39.123,M,M,M,M,M,M,4.0,BKN,OVC,M,1700.00,4100.00,M
                          MKC,2023-05-19 15:25,-94.593,39.123,M,M,M,M,M,M,4.0,SCT,OVC,M,1700.00,4300.00,M
     MKC,2023-05-19 15:29,-94.593,39.123,60.00,83.23,20.00,10.35,M,0.0001,4.0,SCT,OVC,M,1700.00,4500.00,M
                  MKC,2023-05-19 15:30,-94.593,39.123,M,M,20.00,10.35,M,M,4.0,FEW,OVC,M,1700.00,4500.00,M
                       MKC,2023-05-19 15:35,-94.593,39.123,M,M,M,M,M,0.25,4.0,FEW,OVC,M,1700.00,4500.00,M
                               MKC,2023-05-19 15:40,-94.593,39.123,M,M,M,M,M,0.25,4.0,OVC,M,M,4500.00,M,M
                        MKC,2023-05-19 15:45,-94.593,39.123,M,M,10.00,9.20,M,0.25,5.0,OVC,M,M,4800.00,M,M
                       MKC,2023-05-19 15:50,-94.593,39.123,M,M,10.00,10.35,M,0.25,5.0,OVC,M,M,4800.00,M,M
         MKC,2023-05-19 15:54,-94.593,39.123,58.00,84.00,20.00,10.35,1019.20,0.25,5.0,OVC,M,M,4800.00,M,M
                           MKC,2023-05-19 15:55,-94.593,39.123,M,M,20.00,9.20,M,M,5.0,OVC,M,M,4800.00,M,M
                           MKC,2023-05-19 16:00,-94.593,39.123,M,M,10.00,5.75,M,M,5.0,OVC,M,M,5000.00,M,M
                          MKC,2023-05-19 16:05,-94.593,39.123,M,M,10.00,10.35,M,M,5.0,OVC,M,M,5000.00,M,M
                          MKC,2023-05-19 16:10,-94.593,39.123,M,M,350.00,8.05,M,M,5.0,OVC,M,M,4900.00,M,M
                       MKC,2023-05-19 16:15,-94.593,39.123,M,M,M,M,M,0.25,5.0,BKN,OVC,M,4900.00,6000.00,M
               MKC,2023-05-19 16:20,-94.593,39.123,M,M,360.00,9.20,M,0.25,6.0,BKN,OVC,M,4900.00,6000.00,M
                MKC,2023-05-19 16:25,-94.593,39.123,M,M,10.00,8.05,M,0.25,6.0,BKN,OVC,M,5000.00,6000.00,M
                MKC,2023-05-19 16:30,-94.593,39.123,M,M,10.00,4.60,M,0.25,5.0,SCT,OVC,M,5000.00,6000.00,M
               MKC,2023-05-19 16:35,-94.593,39.123,M,M,360.00,5.75,M,0.25,5.0,BKN,OVC,M,6000.00,7500.00,M
               MKC,2023-05-19 16:40,-94.593,39.123,M,M,350.00,4.60,M,0.25,6.0,BKN,OVC,M,6000.00,7000.00,M
                       MKC,2023-05-19 16:45,-94.593,39.123,M,M,330.00,5.75,M,0.25,5.0,OVC,M,M,6500.00,M,M
               MKC,2023-05-19 16:50,-94.593,39.123,M,M,340.00,5.75,M,1.02,2.5,SCT,OVC,M,5500.00,7000.00,M
       MKC,2023-05-19 16:52,-94.593,39.123,57.20,87.74,340.00,5.75,M,1.52,1.75,FEW,OVC,M,5000.00,7000.00,M
 MKC,2023-05-19 16:54,-94.593,39.123,57.00,86.77,330.00,4.60,1020.20,1.78,1.5,FEW,OVC,M,5000.00,6500.00,M
               MKC,2023-05-19 16:55,-94.593,39.123,M,M,330.00,4.60,M,0.25,1.25,FEW,OVC,M,5500.00,6500.00,M
               MKC,2023-05-19 17:00,-94.593,39.123,M,M,310.00,4.60,M,0.51,1.25,FEW,OVC,M,5500.00,7000.00,M
               MKC,2023-05-19 17:05,-94.593,39.123,M,M,310.00,4.60,M,0.76,2.0,FEW,OVC,M,4800.00,6500.00,M
       MKC,2023-05-19 17:08,-94.593,39.123,57.00,86.77,310.00,6.90,M,1.02,3.0,SCT,OVC,M,4800.00,6500.00,M
               MKC,2023-05-19 17:10,-94.593,39.123,M,M,310.00,5.75,M,1.02,2.5,SCT,OVC,M,4800.00,6500.00,M
               MKC,2023-05-19 17:15,-94.593,39.123,M,M,340.00,5.75,M,1.52,2.0,SCT,OVC,M,4800.00,7000.00,M
       MKC,2023-05-19 17:16,-94.593,39.123,56.00,86.71,340.00,8.05,M,1.52,2.0,SCT,OVC,M,4800.00,7000.00,M
               MKC,2023-05-19 17:20,-94.593,39.123,M,M,340.00,5.75,M,1.78,2.0,SCT,OVC,M,5500.00,7000.00,M
               MKC,2023-05-19 17:25,-94.593,39.123,M,M,330.00,5.75,M,2.03,3.0,SCT,OVC,M,5500.00,7000.00,M
               MKC,2023-05-19 17:30,-94.593,39.123,M,M,320.00,4.60,M,2.29,3.0,SCT,OVC,M,5500.00,7000.00,M
       MKC,2023-05-19 17:31,-94.593,39.123,56.00,86.71,330.00,5.75,M,2.29,3.0,SCT,OVC,M,5500.00,7000.00,M
               MKC,2023-05-19 17:35,-94.593,39.123,M,M,330.00,5.75,M,2.54,3.0,FEW,OVC,M,5500.00,7500.00,M
                       MKC,2023-05-19 17:40,-94.593,39.123,M,M,340.00,4.60,M,2.79,3.0,OVC,M,M,7500.00,M,M
               MKC,2023-05-19 17:45,-94.593,39.123,M,M,350.00,5.75,M,3.05,3.0,SCT,OVC,M,6500.00,8000.00,M
               MKC,2023-05-19 17:50,-94.593,39.123,M,M,350.00,4.60,M,3.05,4.0,BKN,OVC,M,7500.00,9000.00,M
 MKC,2023-05-19 17:54,-94.593,39.123,56.00,86.71,350.00,4.60,1020.90,3.05,4.0,BKN,OVC,M,7500.00,9000.00,M
                  MKC,2023-05-19 17:55,-94.593,39.123,M,M,340.00,4.60,M,M,4.0,BKN,OVC,M,7500.00,9000.00,M
               MKC,2023-05-19 18:00,-94.593,39.123,M,M,340.00,4.60,M,0.25,4.0,FEW,OVC,M,6500.00,8500.00,M
               MKC,2023-05-19 18:05,-94.593,39.123,M,M,330.00,5.75,M,0.25,4.0,BKN,OVC,M,8000.00,9500.00,M
                       MKC,2023-05-19 18:10,-94.593,39.123,M,M,330.00,8.05,M,0.51,5.0,OVC,M,M,8500.00,M,M
                       MKC,2023-05-19 18:15,-94.593,39.123,M,M,340.00,8.05,M,0.51,5.0,OVC,M,M,8500.00,M,M
                       MKC,2023-05-19 18:20,-94.593,39.123,M,M,340.00,5.75,M,0.51,6.0,OVC,M,M,8500.00,M,M
                       MKC,2023-05-19 18:25,-94.593,39.123,M,M,350.00,5.75,M,0.51,6.0,OVC,M,M,9000.00,M,M
               MKC,2023-05-19 18:30,-94.593,39.123,M,M,350.00,8.05,M,0.76,7.0,SCT,OVC,M,7500.00,9500.00,M
               MKC,2023-05-19 18:35,-94.593,39.123,M,M,340.00,4.60,M,0.76,7.0,BKN,OVC,M,7500.00,9000.00,M
               MKC,2023-05-19 18:40,-94.593,39.123,M,M,330.00,5.75,M,0.76,7.0,BKN,OVC,M,7000.00,9000.00,M
               MKC,2023-05-19 18:45,-94.593,39.123,M,M,330.00,9.20,M,0.76,7.0,BKN,OVC,M,7500.00,9500.00,M
               MKC,2023-05-19 18:50,-94.593,39.123,M,M,320.00,9.20,M,0.76,7.0,BKN,OVC,M,7500.00,9500.00,M
 MKC,2023-05-19 18:54,-94.593,39.123,57.00,80.60,330.00,6.90,1021.10,0.76,8.0,BKN,OVC,M,7500.00,9500.00,M
                  MKC,2023-05-19 18:55,-94.593,39.123,M,M,330.00,5.75,M,M,8.0,BKN,OVC,M,7500.00,9500.00,M
                  MKC,2023-05-19 19:00,-94.593,39.123,M,M,320.00,4.60,M,M,9.0,BKN,OVC,M,7500.00,9500.00,M
              MKC,2023-05-19 19:05,-94.593,39.123,M,M,330.00,5.75,M,0.25,10.0,SCT,OVC,M,8000.00,9500.00,M
                      MKC,2023-05-19 19:10,-94.593,39.123,M,M,350.00,5.75,M,0.25,10.0,OVC,M,M,9000.00,M,M
               MKC,2023-05-19 19:15,-94.593,39.123,M,M,340.00,5.75,M,0.25,9.0,SCT,OVC,M,8000.00,9500.00,M
                       MKC,2023-05-19 19:20,-94.593,39.123,M,M,340.00,5.75,M,0.25,9.0,OVC,M,M,9000.00,M,M
              MKC,2023-05-19 19:25,-94.593,39.123,M,M,330.00,4.60,M,0.25,10.0,FEW,OVC,M,8000.00,9500.00,M
                      MKC,2023-05-19 19:30,-94.593,39.123,M,M,330.00,5.75,M,0.25,10.0,OVC,M,M,9000.00,M,M
                      MKC,2023-05-19 19:35,-94.593,39.123,M,M,330.00,4.60,M,0.25,10.0,OVC,M,M,9000.00,M,M
              MKC,2023-05-19 19:40,-94.593,39.123,M,M,340.00,2.30,M,0.25,10.0,SCT,OVC,M,8000.00,9000.00,M
              MKC,2023-05-19 19:45,-94.593,39.123,M,M,320.00,4.60,M,0.25,10.0,SCT,OVC,M,8000.00,9000.00,M
               MKC,2023-05-19 19:50,-94.593,39.123,M,M,340.00,4.60,M,0.25,5.0,FEW,OVC,M,8000.00,9000.00,M
 MKC,2023-05-19 19:54,-94.593,39.123,58.00,80.67,320.00,3.45,1020.80,0.25,5.0,FEW,OVC,M,8000.00,9000.00,M
                  MKC,2023-05-19 19:55,-94.593,39.123,M,M,320.00,4.60,M,M,9.0,FEW,OVC,M,8000.00,9000.00,M
                  MKC,2023-05-19 20:00,-94.593,39.123,M,M,320.00,2.30,M,M,9.0,FEW,OVC,M,8000.00,9000.00,M
                          MKC,2023-05-19 20:05,-94.593,39.123,M,M,310.00,4.60,M,M,9.0,OVC,M,M,9000.00,M,M
                          MKC,2023-05-19 20:10,-94.593,39.123,M,M,260.00,5.75,M,M,9.0,OVC,M,M,9000.00,M,M
                       MKC,2023-05-19 20:15,-94.593,39.123,M,M,290.00,4.60,M,0.25,8.0,OVC,M,M,9000.00,M,M
                       MKC,2023-05-19 20:20,-94.593,39.123,M,M,310.00,2.30,M,0.25,8.0,OVC,M,M,9000.00,M,M
                       MKC,2023-05-19 20:25,-94.593,39.123,M,M,300.00,2.30,M,0.25,8.0,OVC,M,M,9000.00,M,M
                       MKC,2023-05-19 20:30,-94.593,39.123,M,M,270.00,2.30,M,0.25,7.0,OVC,M,M,9000.00,M,M
               MKC,2023-05-19 20:35,-94.593,39.123,M,M,310.00,2.30,M,0.25,7.0,FEW,OVC,M,7500.00,9000.00,M
               MKC,2023-05-19 20:40,-94.593,39.123,M,M,310.00,2.30,M,0.25,7.0,FEW,OVC,M,7500.00,9500.00,M
               MKC,2023-05-19 20:45,-94.593,39.123,M,M,310.00,2.30,M,0.51,8.0,FEW,OVC,M,7500.00,9500.00,M
               MKC,2023-05-19 20:50,-94.593,39.123,M,M,300.00,4.60,M,0.51,8.0,FEW,OVC,M,7500.00,9500.00,M
 MKC,2023-05-19 20:54,-94.593,39.123,58.00,84.00,300.00,4.60,1020.70,0.51,8.0,FEW,OVC,M,7500.00,9500.00,M
                  MKC,2023-05-19 20:55,-94.593,39.123,M,M,300.00,2.30,M,M,8.0,FEW,OVC,M,7500.00,9500.00,M
                         MKC,2023-05-19 21:00,-94.593,39.123,M,M,310.00,4.60,M,M,10.0,OVC,M,M,9500.00,M,M
                 MKC,2023-05-19 21:05,-94.593,39.123,M,M,300.00,5.75,M,M,10.0,FEW,OVC,M,6000.00,9500.00,M
           MKC,2023-05-19 21:10,-94.593,39.123,M,M,0.00,0.00,M,M,10.0,FEW,SCT,OVC,6000.00,7000.00,9500.00
         MKC,2023-05-19 21:15,-94.593,39.123,M,M,300.00,4.60,M,M,10.0,FEW,BKN,OVC,3000.00,7000.00,9500.00
         MKC,2023-05-19 21:20,-94.593,39.123,M,M,310.00,4.60,M,M,10.0,SCT,BKN,OVC,3200.00,5500.00,9500.00
         MKC,2023-05-19 21:25,-94.593,39.123,M,M,310.00,4.60,M,M,10.0,SCT,BKN,OVC,3000.00,4400.00,9500.00
         MKC,2023-05-19 21:30,-94.593,39.123,M,M,330.00,8.05,M,M,10.0,FEW,BKN,OVC,3000.00,4400.00,7000.00
         MKC,2023-05-19 21:35,-94.593,39.123,M,M,360.00,9.20,M,M,10.0,FEW,BKN,OVC,2600.00,3900.00,5500.00
         MKC,2023-05-19 21:40,-94.593,39.123,M,M,340.00,9.20,M,M,10.0,FEW,BKN,BKN,2800.00,3800.00,4800.00
         MKC,2023-05-19 21:45,-94.593,39.123,M,M,350.00,9.20,M,M,10.0,FEW,BKN,OVC,2600.00,3800.00,8000.00
         MKC,2023-05-19 21:50,-94.593,39.123,M,M,350.00,8.05,M,M,10.0,SCT,BKN,OVC,4200.00,5000.00,7000.00
MKC,2023-05-19 21:54,-94.593,39.123,59.00,75.02,360.00,8.05,1020.40,0.0001,10.0,SCT,BKN,OVC,4600.00,7000.,
         MKC,2023-05-19 21:55,-94.593,39.123,M,M,360.00,8.05,M,M,10.0,SCT,BKN,OVC,4600.00,7000.00,9000.00
         MKC,2023-05-19 22:00,-94.593,39.123,M,M,360.00,5.75,M,M,10.0,FEW,BKN,OVC,4500.00,7000.00,9500.00
         MKC,2023-05-19 22:05,-94.593,39.123,M,M,350.00,5.75,M,M,10.0,FEW,BKN,OVC,4500.00,7000.00,9000.00
         MKC,2023-05-19 22:10,-94.593,39.123,M,M,350.00,5.75,M,M,10.0,FEW,BKN,OVC,4900.00,7500.00,9500.00
         MKC,2023-05-19 22:15,-94.593,39.123,M,M,350.00,5.75,M,M,10.0,FEW,SCT,BKN,4200.00,6500.00,7500.00
         MKC,2023-05-19 22:20,-94.593,39.123,M,M,360.00,5.75,M,M,10.0,FEW,SCT,BKN,3800.00,7000.00,9500.00
         MKC,2023-05-19 22:25,-94.593,39.123,M,M,350.00,8.05,M,M,10.0,FEW,SCT,SCT,4000.00,7000.00,9500.00
                 MKC,2023-05-19 22:30,-94.593,39.123,M,M,340.00,5.75,M,M,10.0,FEW,SCT,M,4000.00,9000.00,M
                         MKC,2023-05-19 22:35,-94.593,39.123,M,M,350.00,5.75,M,M,10.0,FEW,M,M,4000.00,M,M
                               MKC,2023-05-19 22:40,-94.593,39.123,M,M,360.00,5.75,M,M,10.0,CLR,M,M,M,M,M
                                MKC,2023-05-19 22:45,-94.593,39.123,M,M,10.00,5.75,M,M,10.0,CLR,M,M,M,M,M
                               MKC,2023-05-19 22:50,-94.593,39.123,M,M,360.00,4.60,M,M,10.0,CLR,M,M,M,M,M
            MKC,2023-05-19 22:54,-94.593,39.123,60.00,69.24,350.00,4.60,1020.20,0.0001,10.0,CLR,M,M,M,M,M
                               MKC,2023-05-19 22:55,-94.593,39.123,M,M,350.00,4.60,M,M,10.0,CLR,M,M,M,M,M
                               MKC,2023-05-19 23:00,-94.593,39.123,M,M,360.00,5.75,M,M,10.0,CLR,M,M,M,M,M
                               MKC,2023-05-19 23:05,-94.593,39.123,M,M,330.00,4.60,M,M,10.0,CLR,M,M,M,M,M
                               MKC,2023-05-19 23:10,-94.593,39.123,M,M,340.00,4.60,M,M,10.0,CLR,M,M,M,M,M
                               MKC,2023-05-19 23:15,-94.593,39.123,M,M,320.00,2.30,M,M,10.0,CLR,M,M,M,M,M
                               MKC,2023-05-19 23:20,-94.593,39.123,M,M,340.00,2.30,M,M,10.0,CLR,M,M,M,M,M
                                 MKC,2023-05-19 23:25,-94.593,39.123,M,M,0.00,0.00,M,M,10.0,CLR,M,M,M,M,M
                                 MKC,2023-05-19 23:30,-94.593,39.123,M,M,0.00,0.00,M,M,10.0,CLR,M,M,M,M,M
                                 MKC,2023-05-19 23:35,-94.593,39.123,M,M,0.00,0.00,M,M,10.0,CLR,M,M,M,M,M
                                 MKC,2023-05-19 23:40,-94.593,39.123,M,M,0.00,0.00,M,M,10.0,CLR,M,M,M,M,M
                                 MKC,2023-05-19 23:45,-94.593,39.123,M,M,0.00,0.00,M,M,10.0,CLR,M,M,M,M,M
                               MKC,2023-05-19 23:50,-94.593,39.123,M,M,310.00,2.30,M,M,10.0,CLR,M,M,M,M,M
              MKC,2023-05-19 23:54,-94.593,39.123,60.00,69.24,320.00,3.45,1019.70,0.00,10.0,CLR,M,M,M,M,M
                               MKC,2023-05-19 23:55,-94.593,39.123,M,M,320.00,2.30,M,M,10.0,CLR,M,M,M,M,M
