    station,valid,lon,lat,tmpf,relh,drct,sped,mslp,p01m,vsby,skyc1,skyc2,skyc3,skyl1,skyl2,skyl3
                  TUS,2021-04-30 00:00,-110.938,32.1203,M,M,60.00,11.50,M,M,10.0,CLR,M,M,M,M,M
                  TUS,2021-04-30 00:05,-110.938,32.1203,M,M,60.00,10.35,M,M,10.0,CLR,M,M,M,M,M
                  TUS,2021-04-30 00:10,-110.938,32.1203,M,M,70.00,10.35,M,M,10.0,CLR,M,M,M,M,M
                   TUS,2021-04-30 00:15,-110.938,32.1203,M,M,90.00,5.75,M,M,10.0,CLR,M,M,M,M,M
                  TUS,2021-04-30 00:20,-110.938,32.1203,M,M,320.00,2.30,M,M,10.0,CLR,M,M,M,M,M
                   TUS,2021-04-30 00:25,-110.938,32.1203,M,M,10.00,5.75,M,M,10.0,CLR,M,M,M,M,M
                  TUS,2021-04-30 00:30,-110.938,32.1203,M,M,100.00,5.75,M,M,10.0,CLR,M,M,M,M,M
                  TUS,2021-04-30 00:35,-110.938,32.1203,M,M,100.00,8.05,M,M,10.0,CLR,M,M,M,M,M
                  TUS,2021-04-30 00:40,-110.938,32.1203,M,M,220.00,2.30,M,M,10.0,CLR,M,M,M,M,M
                   TUS,2021-04-30 00:45,-110.938,32.1203,M,M,80.00,5.75,M,M,10.0,CLR,M,M,M,M,M
                   TUS,2021-04-30 00:50,-110.938,32.1203,M,M,70.00,5.75,M,M,10.0,CLR,M,M,M,M,M
 TUS,2021-04-30 00:53,-110.938,32.1203,82.00,15.66,100.00,6.90,1016.70,0.00,10.0,CLR,M,M,M,M,M
                   TUS,2021-04-30 00:55,-110.938,32.1203,M,M,80.00,5.75,M,M,10.0,CLR,M,M,M,M,M
                   TUS,2021-04-30 01:00,-110.938,32.1203,M,M,50.00,5.75,M,M,10.0,CLR,M,M,M,M,M
                  TUS,2021-04-30 01:05,-110.938,32.1203,M,M,110.00,8.05,M,M,10.0,CLR,M,M,M,M,M
                 TUS,2021-04-30 01:10,-110.938,32.1203,M,M,130.00,10.35,M,M,10.0,CLR,M,M,M,M,M
                 TUS,2021-04-30 01:15,-110.938,32.1203,M,M,130.00,12.65,M,M,10.0,CLR,M,M,M,M,M
                 TUS,2021-04-30 01:20,-110.938,32.1203,M,M,130.00,16.10,M,M,10.0,CLR,M,M,M,M,M
                 TUS,2021-04-30 01:25,-110.938,32.1203,M,M,130.00,12.65,M,M,10.0,CLR,M,M,M,M,M
                 TUS,2021-04-30 01:30,-110.938,32.1203,M,M,130.00,14.95,M,M,10.0,CLR,M,M,M,M,M
                 TUS,2021-04-30 01:35,-110.938,32.1203,M,M,140.00,17.25,M,M,10.0,CLR,M,M,M,M,M
                 TUS,2021-04-30 01:40,-110.938,32.1203,M,M,140.00,16.10,M,M,10.0,CLR,M,M,M,M,M
                 TUS,2021-04-30 01:45,-110.938,32.1203,M,M,150.00,16.10,M,M,10.0,CLR,M,M,M,M,M
                 TUS,2021-04-30 01:50,-110.938,32.1203,M,M,150.00,16.10,M,M,10.0,CLR,M,M,M,M,M
TUS,2021-04-30 01:53,-110.938,32.1203,79.00,17.28,150.00,14.95,1016.90,0.00,10.0,CLR,M,M,M,M,M
                 TUS,2021-04-30 01:55,-110.938,32.1203,M,M,140.00,14.95,M,M,10.0,CLR,M,M,M,M,M
                 TUS,2021-04-30 02:00,-110.938,32.1203,M,M,140.00,16.10,M,M,10.0,CLR,M,M,M,M,M
                 TUS,2021-04-30 02:05,-110.938,32.1203,M,M,140.00,16.10,M,M,10.0,CLR,M,M,M,M,M
                 TUS,2021-04-30 02:10,-110.938,32.1203,M,M,130.00,12.65,M,M,10.0,CLR,M,M,M,M,M
                 TUS,2021-04-30 02:15,-110.938,32.1203,M,M,140.00,12.65,M,M,10.0,CLR,M,M,M,M,M
                 TUS,2021-04-30 02:20,-110.938,32.1203,M,M,140.00,12.65,M,M,10.0,CLR,M,M,M,M,M
                 TUS,2021-04-30 02:25,-110.938,32.1203,M,M,140.00,11.50,M,M,10.0,CLR,M,M,M,M,M
                 TUS,2021-04-30 02:30,-110.938,32.1203,M,M,140.00,11.50,M,M,10.0,CLR,M,M,M,M,M
                 TUS,2021-04-30 02:35,-110.938,32.1203,M,M,150.00,10.35,M,M,10.0,CLR,M,M,M,M,M
                 TUS,2021-04-30 02:40,-110.938,32.1203,M,M,160.00,10.35,M,M,10.0,CLR,M,M,M,M,M
                  TUS,2021-04-30 02:45,-110.938,32.1203,M,M,150.00,9.20,M,M,10.0,CLR,M,M,M,M,M
                  TUS,2021-04-30 02:50,-110.938,32.1203,M,M,150.00,9.20,M,M,10.0,CLR,M,M,M,M,M
 TUS,2021-04-30 02:53,-110.938,32.1203,76.00,19.14,160.00,8.05,1017.20,0.00,10.0,CLR,M,M,M,M,M
                  TUS,2021-04-30 02:55,-110.938,32.1203,M,M,160.00,8.05,M,M,10.0,CLR,M,M,M,M,M
                  TUS,2021-04-30 03:00,-110.938,32.1203,M,M,160.00,8.05,M,M,10.0,CLR,M,M,M,M,M
                 TUS,2021-04-30 03:05,-110.938,32.1203,M,M,140.00,10.35,M,M,10.0,CLR,M,M,M,M,M
                  TUS,2021-04-30 03:10,-110.938,32.1203,M,M,150.00,8.05,M,M,10.0,CLR,M,M,M,M,M
                  TUS,2021-04-30 03:15,-110.938,32.1203,M,M,150.00,9.20,M,M,10.0,CLR,M,M,M,M,M
                  TUS,2021-04-30 03:20,-110.938,32.1203,M,M,150.00,9.20,M,M,10.0,CLR,M,M,M,M,M
                 TUS,2021-04-30 03:25,-110.938,32.1203,M,M,150.00,10.35,M,M,10.0,CLR,M,M,M,M,M
                  TUS,2021-04-30 03:30,-110.938,32.1203,M,M,160.00,5.75,M,M,10.0,CLR,M,M,M,M,M
                  TUS,2021-04-30 03:35,-110.938,32.1203,M,M,160.00,5.75,M,M,10.0,CLR,M,M,M,M,M
                  TUS,2021-04-30 03:40,-110.938,32.1203,M,M,170.00,5.75,M,M,10.0,CLR,M,M,M,M,M
                  TUS,2021-04-30 03:45,-110.938,32.1203,M,M,160.00,5.75,M,M,10.0,CLR,M,M,M,M,M
                 TUS,2021-04-30 03:50,-110.938,32.1203,M,M,150.00,11.50,M,M,10.0,CLR,M,M,M,M,M
 TUS,2021-04-30 03:53,-110.938,32.1203,74.00,19.73,150.00,9.20,1017.80,0.00,10.0,CLR,M,M,M,M,M
                  TUS,2021-04-30 03:55,-110.938,32.1203,M,M,160.00,9.20,M,M,10.0,CLR,M,M,M,M,M
                  TUS,2021-04-30 04:00,-110.938,32.1203,M,M,150.00,5.75,M,M,10.0,CLR,M,M,M,M,M
                 TUS,2021-04-30 04:05,-110.938,32.1203,M,M,150.00,10.35,M,M,10.0,CLR,M,M,M,M,M
                  TUS,2021-04-30 04:10,-110.938,32.1203,M,M,150.00,9.20,M,M,10.0,CLR,M,M,M,M,M
                  TUS,2021-04-30 04:15,-110.938,32.1203,M,M,150.00,5.75,M,M,10.0,CLR,M,M,M,M,M
                 TUS,2021-04-30 04:20,-110.938,32.1203,M,M,150.00,10.35,M,M,10.0,CLR,M,M,M,M,M
                  TUS,2021-04-30 04:25,-110.938,32.1203,M,M,150.00,5.75,M,M,10.0,CLR,M,M,M,M,M
                  TUS,2021-04-30 04:30,-110.938,32.1203,M,M,150.00,5.75,M,M,10.0,CLR,M,M,M,M,M
                  TUS,2021-04-30 04:35,-110.938,32.1203,M,M,160.00,5.75,M,M,10.0,CLR,M,M,M,M,M
                  TUS,2021-04-30 04:40,-110.938,32.1203,M,M,170.00,5.75,M,M,10.0,CLR,M,M,M,M,M
                  TUS,2021-04-30 04:45,-110.938,32.1203,M,M,170.00,5.75,M,M,10.0,CLR,M,M,M,M,M
                  TUS,2021-04-30 04:50,-110.938,32.1203,M,M,180.00,5.75,M,M,10.0,CLR,M,M,M,M,M
 TUS,2021-04-30 04:53,-110.938,32.1203,72.00,21.04,170.00,5.75,1018.00,0.00,10.0,CLR,M,M,M,M,M
                  TUS,2021-04-30 04:55,-110.938,32.1203,M,M,170.00,8.05,M,M,10.0,CLR,M,M,M,M,M
                  TUS,2021-04-30 05:00,-110.938,32.1203,M,M,160.00,5.75,M,M,10.0,CLR,M,M,M,M,M
                  TUS,2021-04-30 05:05,-110.938,32.1203,M,M,160.00,5.75,M,M,10.0,CLR,M,M,M,M,M
                  TUS,2021-04-30 05:10,-110.938,32.1203,M,M,160.00,2.30,M,M,10.0,CLR,M,M,M,M,M
                  TUS,2021-04-30 05:15,-110.938,32.1203,M,M,150.00,5.75,M,M,10.0,CLR,M,M,M,M,M
                  TUS,2021-04-30 05:20,-110.938,32.1203,M,M,140.00,5.75,M,M,10.0,CLR,M,M,M,M,M
                  TUS,2021-04-30 05:25,-110.938,32.1203,M,M,140.00,5.75,M,M,10.0,CLR,M,M,M,M,M
                  TUS,2021-04-30 05:30,-110.938,32.1203,M,M,160.00,2.30,M,M,10.0,CLR,M,M,M,M,M
                    TUS,2021-04-30 05:35,-110.938,32.1203,M,M,0.00,0.00,M,M,10.0,CLR,M,M,M,M,M
                    TUS,2021-04-30 05:40,-110.938,32.1203,M,M,0.00,0.00,M,M,10.0,CLR,M,M,M,M,M
                    TUS,2021-04-30 05:45,-110.938,32.1203,M,M,0.00,0.00,M,M,10.0,CLR,M,M,M,M,M
                    TUS,2021-04-30 05:50,-110.938,32.1203,M,M,0.00,0.00,M,M,10.0,CLR,M,M,M,M,M
 TUS,2021-04-30 05:53,-110.938,32.1203,65.00,26.85,120.00,3.45,1018.30,0.00,10.0,CLR,M,M,M,M,M
                  TUS,2021-04-30 05:55,-110.938,32.1203,M,M,130.00,2.30,M,M,10.0,CLR,M,M,M,M,M
                  TUS,2021-04-30 06:00,-110.938,32.1203,M,M,120.00,5.75,M,M,10.0,CLR,M,M,M,M,M
                  TUS,2021-04-30 06:05,-110.938,32.1203,M,M,130.00,5.75,M,M,10.0,CLR,M,M,M,M,M
                  TUS,2021-04-30 06:10,-110.938,32.1203,M,M,140.00,5.75,M,M,10.0,CLR,M,M,M,M,M
                  TUS,2021-04-30 06:15,-110.938,32.1203,M,M,150.00,5.75,M,M,10.0,CLR,M,M,M,M,M
                  TUS,2021-04-30 06:20,-110.938,32.1203,M,M,140.00,5.75,M,M,10.0,CLR,M,M,M,M,M
                  TUS,2021-04-30 06:25,-110.938,32.1203,M,M,140.00,5.75,M,M,10.0,CLR,M,M,M,M,M
                  TUS,2021-04-30 06:30,-110.938,32.1203,M,M,150.00,5.75,M,M,10.0,CLR,M,M,M,M,M
                  TUS,2021-04-30 06:35,-110.938,32.1203,M,M,140.00,5.75,M,M,10.0,CLR,M,M,M,M,M
                  TUS,2021-04-30 06:40,-110.938,32.1203,M,M,140.00,5.75,M,M,10.0,CLR,M,M,M,M,M
                  TUS,2021-04-30 06:45,-110.938,32.1203,M,M,140.00,5.75,M,M,10.0,CLR,M,M,M,M,M
                  TUS,2021-04-30 06:50,-110.938,32.1203,M,M,140.00,5.75,M,M,10.0,CLR,M,M,M,M,M
 TUS,2021-04-30 06:53,-110.938,32.1203,65.00,24.75,140.00,5.75,1018.10,0.00,10.0,CLR,M,M,M,M,M
                  TUS,2021-04-30 06:55,-110.938,32.1203,M,M,140.00,5.75,M,M,10.0,CLR,M,M,M,M,M
                  TUS,2021-04-30 07:00,-110.938,32.1203,M,M,150.00,5.75,M,M,10.0,CLR,M,M,M,M,M
                  TUS,2021-04-30 07:05,-110.938,32.1203,M,M,140.00,8.05,M,M,10.0,CLR,M,M,M,M,M
                  TUS,2021-04-30 07:10,-110.938,32.1203,M,M,170.00,5.75,M,M,10.0,CLR,M,M,M,M,M
                  TUS,2021-04-30 07:15,-110.938,32.1203,M,M,170.00,5.75,M,M,10.0,CLR,M,M,M,M,M
                  TUS,2021-04-30 07:20,-110.938,32.1203,M,M,170.00,5.75,M,M,10.0,CLR,M,M,M,M,M
                  TUS,2021-04-30 07:25,-110.938,32.1203,M,M,220.00,2.30,M,M,10.0,CLR,M,M,M,M,M
                  TUS,2021-04-30 07:30,-110.938,32.1203,M,M,240.00,4.60,M,M,10.0,CLR,M,M,M,M,M
                    TUS,2021-04-30 07:35,-110.938,32.1203,M,M,0.00,0.00,M,M,10.0,CLR,M,M,M,M,M
                    TUS,2021-04-30 07:40,-110.938,32.1203,M,M,0.00,0.00,M,M,10.0,CLR,M,M,M,M,M
                  TUS,2021-04-30 07:45,-110.938,32.1203,M,M,170.00,2.30,M,M,10.0,CLR,M,M,M,M,M
                  TUS,2021-04-30 07:50,-110.938,32.1203,M,M,170.00,5.75,M,M,10.0,CLR,M,M,M,M,M
 TUS,2021-04-30 07:53,-110.938,32.1203,62.00,28.33,160.00,6.90,1017.80,0.00,10.0,CLR,M,M,M,M,M
                  TUS,2021-04-30 07:55,-110.938,32.1203,M,M,150.00,8.05,M,M,10.0,CLR,M,M,M,M,M
                  TUS,2021-04-30 08:00,-110.938,32.1203,M,M,140.00,8.05,M,M,10.0,CLR,M,M,M,M,M
                  TUS,2021-04-30 08:05,-110.938,32.1203,M,M,130.00,5.75,M,M,10.0,CLR,M,M,M,M,M
                  TUS,2021-04-30 08:10,-110.938,32.1203,M,M,130.00,9.20,M,M,10.0,CLR,M,M,M,M,M
                 TUS,2021-04-30 08:15,-110.938,32.1203,M,M,130.00,10.35,M,M,10.0,CLR,M,M,M,M,M
                  TUS,2021-04-30 08:20,-110.938,32.1203,M,M,170.00,8.05,M,M,10.0,CLR,M,M,M,M,M
                  TUS,2021-04-30 08:25,-110.938,32.1203,M,M,180.00,5.75,M,M,10.0,CLR,M,M,M,M,M
                  TUS,2021-04-30 08:30,-110.938,32.1203,M,M,160.00,5.75,M,M,10.0,CLR,M,M,M,M,M
                  TUS,2021-04-30 08:35,-110.938,32.1203,M,M,150.00,5.75,M,M,10.0,CLR,M,M,M,M,M
                  TUS,2021-04-30 08:40,-110.938,32.1203,M,M,150.00,5.75,M,M,10.0,CLR,M,M,M,M,M
                  TUS,2021-04-30 08:45,-110.938,32.1203,M,M,180.00,4.60,M,M,10.0,CLR,M,M,M,M,M
                  TUS,2021-04-30 08:50,-110.938,32.1203,M,M,190.00,5.75,M,M,10.0,CLR,M,M,M,M,M
 TUS,2021-04-30 08:53,-110.938,32.1203,61.00,29.45,180.00,6.90,1017.40,0.00,10.0,CLR,M,M,M,M,M
                  TUS,2021-04-30 08:55,-110.938,32.1203,M,M,170.00,5.75,M,M,10.0,CLR,M,M,M,M,M
                  TUS,2021-04-30 09:00,-110.938,32.1203,M,M,160.00,9.20,M,M,10.0,CLR,M,M,M,M,M
                  TUS,2021-04-30 09:05,-110.938,32.1203,M,M,150.00,9.20,M,M,10.0,CLR,M,M,M,M,M
                  TUS,2021-04-30 09:10,-110.938,32.1203,M,M,140.00,9.20,M,M,10.0,CLR,M,M,M,M,M
                  TUS,2021-04-30 09:15,-110.938,32.1203,M,M,140.00,5.75,M,M,10.0,CLR,M,M,M,M,M
                  TUS,2021-04-30 09:20,-110.938,32.1203,M,M,220.00,4.60,M,M,10.0,CLR,M,M,M,M,M
                  TUS,2021-04-30 09:25,-110.938,32.1203,M,M,190.00,2.30,M,M,10.0,CLR,M,M,M,M,M
                  TUS,2021-04-30 09:30,-110.938,32.1203,M,M,180.00,4.60,M,M,10.0,CLR,M,M,M,M,M
                  TUS,2021-04-30 09:35,-110.938,32.1203,M,M,180.00,4.60,M,M,10.0,CLR,M,M,M,M,M
                  TUS,2021-04-30 09:40,-110.938,32.1203,M,M,180.00,5.75,M,M,10.0,CLR,M,M,M,M,M
                  TUS,2021-04-30 09:45,-110.938,32.1203,M,M,200.00,4.60,M,M,10.0,CLR,M,M,M,M,M
                  TUS,2021-04-30 09:50,-110.938,32.1203,M,M,190.00,4.60,M,M,10.0,CLR,M,M,M,M,M
 TUS,2021-04-30 09:53,-110.938,32.1203,62.00,30.73,180.00,5.75,1017.10,0.00,10.0,CLR,M,M,M,M,M
                  TUS,2021-04-30 09:55,-110.938,32.1203,M,M,170.00,8.05,M,M,10.0,CLR,M,M,M,M,M
                  TUS,2021-04-30 10:00,-110.938,32.1203,M,M,160.00,9.20,M,M,10.0,CLR,M,M,M,M,M
                  TUS,2021-04-30 10:05,-110.938,32.1203,M,M,140.00,9.20,M,M,10.0,CLR,M,M,M,M,M
                 TUS,2021-04-30 10:10,-110.938,32.1203,M,M,130.00,12.65,M,M,10.0,CLR,M,M,M,M,M
                 TUS,2021-04-30 10:15,-110.938,32.1203,M,M,130.00,12.65,M,M,10.0,CLR,M,M,M,M,M
                 TUS,2021-04-30 10:20,-110.938,32.1203,M,M,130.00,16.10,M,M,10.0,CLR,M,M,M,M,M
                      TUS,2021-04-30 10:25,-110.938,32.1203,M,M,M,16.10,M,M,10.0,CLR,M,M,M,M,M
                      TUS,2021-04-30 10:30,-110.938,32.1203,M,M,M,16.10,M,M,10.0,CLR,M,M,M,M,M
                      TUS,2021-04-30 10:35,-110.938,32.1203,M,M,M,17.25,M,M,10.0,CLR,M,M,M,M,M
                 TUS,2021-04-30 10:40,-110.938,32.1203,M,M,130.00,17.25,M,M,10.0,CLR,M,M,M,M,M
                 TUS,2021-04-30 10:45,-110.938,32.1203,M,M,130.00,16.10,M,M,10.0,CLR,M,M,M,M,M
                 TUS,2021-04-30 10:50,-110.938,32.1203,M,M,130.00,12.65,M,M,10.0,CLR,M,M,M,M,M
TUS,2021-04-30 10:53,-110.938,32.1203,67.00,25.98,140.00,13.80,1016.90,0.00,10.0,CLR,M,M,M,M,M
                 TUS,2021-04-30 10:55,-110.938,32.1203,M,M,140.00,12.65,M,M,10.0,CLR,M,M,M,M,M
                 TUS,2021-04-30 11:00,-110.938,32.1203,M,M,150.00,12.65,M,M,10.0,CLR,M,M,M,M,M
                 TUS,2021-04-30 11:05,-110.938,32.1203,M,M,160.00,10.35,M,M,10.0,CLR,M,M,M,M,M
                  TUS,2021-04-30 11:10,-110.938,32.1203,M,M,170.00,8.05,M,M,10.0,CLR,M,M,M,M,M
                  TUS,2021-04-30 11:15,-110.938,32.1203,M,M,200.00,5.75,M,M,10.0,CLR,M,M,M,M,M
                  TUS,2021-04-30 11:20,-110.938,32.1203,M,M,210.00,5.75,M,M,10.0,CLR,M,M,M,M,M
                  TUS,2021-04-30 11:25,-110.938,32.1203,M,M,210.00,8.05,M,M,10.0,CLR,M,M,M,M,M
                  TUS,2021-04-30 11:30,-110.938,32.1203,M,M,190.00,8.05,M,M,10.0,CLR,M,M,M,M,M
                  TUS,2021-04-30 11:35,-110.938,32.1203,M,M,160.00,9.20,M,M,10.0,CLR,M,M,M,M,M
                  TUS,2021-04-30 11:40,-110.938,32.1203,M,M,130.00,5.75,M,M,10.0,CLR,M,M,M,M,M
                  TUS,2021-04-30 11:45,-110.938,32.1203,M,M,160.00,2.30,M,M,10.0,CLR,M,M,M,M,M
                  TUS,2021-04-30 11:50,-110.938,32.1203,M,M,170.00,2.30,M,M,10.0,CLR,M,M,M,M,M
 TUS,2021-04-30 11:53,-110.938,32.1203,58.00,34.41,170.00,3.45,1017.70,0.00,10.0,CLR,M,M,M,M,M
                  TUS,2021-04-30 11:55,-110.938,32.1203,M,M,170.00,4.60,M,M,10.0,CLR,M,M,M,M,M
                  TUS,2021-04-30 12:00,-110.938,32.1203,M,M,150.00,5.75,M,M,10.0,CLR,M,M,M,M,M
                  TUS,2021-04-30 12:05,-110.938,32.1203,M,M,140.00,5.75,M,M,10.0,CLR,M,M,M,M,M
                  TUS,2021-04-30 12:10,-110.938,32.1203,M,M,120.00,9.20,M,M,10.0,CLR,M,M,M,M,M
                 TUS,2021-04-30 12:15,-110.938,32.1203,M,M,120.00,10.35,M,M,10.0,CLR,M,M,M,M,M
                 TUS,2021-04-30 12:20,-110.938,32.1203,M,M,120.00,11.50,M,M,10.0,CLR,M,M,M,M,M
                 TUS,2021-04-30 12:25,-110.938,32.1203,M,M,120.00,11.50,M,M,10.0,CLR,M,M,M,M,M
                  TUS,2021-04-30 12:30,-110.938,32.1203,M,M,110.00,8.05,M,M,10.0,CLR,M,M,M,M,M
                  TUS,2021-04-30 12:35,-110.938,32.1203,M,M,100.00,5.75,M,M,10.0,CLR,M,M,M,M,M
                   TUS,2021-04-30 12:40,-110.938,32.1203,M,M,70.00,2.30,M,M,10.0,CLR,M,M,M,M,M
                    TUS,2021-04-30 12:45,-110.938,32.1203,M,M,0.00,0.00,M,M,10.0,CLR,M,M,M,M,M
                    TUS,2021-04-30 12:50,-110.938,32.1203,M,M,0.00,0.00,M,M,10.0,CLR,M,M,M,M,M
   TUS,2021-04-30 12:53,-110.938,32.1203,65.00,29.12,0.00,0.00,1017.80,0.00,10.0,CLR,M,M,M,M,M
                  TUS,2021-04-30 12:55,-110.938,32.1203,M,M,240.00,2.30,M,M,10.0,CLR,M,M,M,M,M
                    TUS,2021-04-30 13:00,-110.938,32.1203,M,M,0.00,0.00,M,M,10.0,CLR,M,M,M,M,M
                    TUS,2021-04-30 13:05,-110.938,32.1203,M,M,0.00,0.00,M,M,10.0,CLR,M,M,M,M,M
                    TUS,2021-04-30 13:10,-110.938,32.1203,M,M,0.00,0.00,M,M,10.0,CLR,M,M,M,M,M
                  TUS,2021-04-30 13:15,-110.938,32.1203,M,M,150.00,2.30,M,M,10.0,CLR,M,M,M,M,M
                  TUS,2021-04-30 13:20,-110.938,32.1203,M,M,120.00,4.60,M,M,10.0,CLR,M,M,M,M,M
                  TUS,2021-04-30 13:25,-110.938,32.1203,M,M,130.00,5.75,M,M,10.0,CLR,M,M,M,M,M
                  TUS,2021-04-30 13:30,-110.938,32.1203,M,M,120.00,5.75,M,M,10.0,CLR,M,M,M,M,M
                  TUS,2021-04-30 13:35,-110.938,32.1203,M,M,110.00,5.75,M,M,10.0,CLR,M,M,M,M,M
                  TUS,2021-04-30 13:40,-110.938,32.1203,M,M,110.00,4.60,M,M,10.0,CLR,M,M,M,M,M
                  TUS,2021-04-30 13:45,-110.938,32.1203,M,M,120.00,2.30,M,M,10.0,CLR,M,M,M,M,M
                  TUS,2021-04-30 13:50,-110.938,32.1203,M,M,140.00,5.75,M,M,10.0,CLR,M,M,M,M,M
 TUS,2021-04-30 13:53,-110.938,32.1203,69.00,25.18,150.00,6.90,1018.60,0.00,10.0,CLR,M,M,M,M,M
                  TUS,2021-04-30 13:55,-110.938,32.1203,M,M,150.00,5.75,M,M,10.0,CLR,M,M,M,M,M
                  TUS,2021-04-30 14:00,-110.938,32.1203,M,M,120.00,4.60,M,M,10.0,CLR,M,M,M,M,M
                    TUS,2021-04-30 14:05,-110.938,32.1203,M,M,0.00,0.00,M,M,10.0,CLR,M,M,M,M,M
                    TUS,2021-04-30 14:10,-110.938,32.1203,M,M,0.00,0.00,M,M,10.0,CLR,M,M,M,M,M
                          TUS,2021-04-30 14:15,-110.938,32.1203,M,M,M,M,M,M,10.0,CLR,M,M,M,M,M
                 TUS,2021-04-30 14:20,-110.938,32.1203,M,M,120.00,11.50,M,M,10.0,CLR,M,M,M,M,M
                 TUS,2021-04-30 14:25,-110.938,32.1203,M,M,120.00,12.65,M,M,10.0,CLR,M,M,M,M,M
                 TUS,2021-04-30 14:30,-110.938,32.1203,M,M,120.00,12.65,M,M,10.0,CLR,M,M,M,M,M
                 TUS,2021-04-30 14:35,-110.938,32.1203,M,M,130.00,17.25,M,M,10.0,CLR,M,M,M,M,M
                 TUS,2021-04-30 14:40,-110.938,32.1203,M,M,130.00,14.95,M,M,10.0,CLR,M,M,M,M,M
                 TUS,2021-04-30 14:45,-110.938,32.1203,M,M,140.00,16.10,M,M,10.0,CLR,M,M,M,M,M
                 TUS,2021-04-30 14:50,-110.938,32.1203,M,M,120.00,16.10,M,M,10.0,CLR,M,M,M,M,M
TUS,2021-04-30 14:53,-110.938,32.1203,75.00,21.56,120.00,14.95,1018.60,0.00,10.0,CLR,M,M,M,M,M
                 TUS,2021-04-30 14:55,-110.938,32.1203,M,M,130.00,17.25,M,M,10.0,CLR,M,M,M,M,M
                 TUS,2021-04-30 15:00,-110.938,32.1203,M,M,120.00,14.95,M,M,10.0,CLR,M,M,M,M,M
                 TUS,2021-04-30 15:05,-110.938,32.1203,M,M,130.00,17.25,M,M,10.0,CLR,M,M,M,M,M
                      TUS,2021-04-30 15:10,-110.938,32.1203,M,M,M,19.55,M,M,10.0,CLR,M,M,M,M,M
                      TUS,2021-04-30 15:15,-110.938,32.1203,M,M,M,19.55,M,M,10.0,CLR,M,M,M,M,M
                 TUS,2021-04-30 15:20,-110.938,32.1203,M,M,130.00,16.10,M,M,10.0,CLR,M,M,M,M,M
                 TUS,2021-04-30 15:25,-110.938,32.1203,M,M,120.00,17.25,M,M,10.0,CLR,M,M,M,M,M
                 TUS,2021-04-30 15:30,-110.938,32.1203,M,M,130.00,16.10,M,M,10.0,CLR,M,M,M,M,M
                 TUS,2021-04-30 15:35,-110.938,32.1203,M,M,120.00,17.25,M,M,10.0,CLR,M,M,M,M,M
                 TUS,2021-04-30 15:40,-110.938,32.1203,M,M,120.00,17.25,M,M,10.0,CLR,M,M,M,M,M
                 TUS,2021-04-30 15:45,-110.938,32.1203,M,M,120.00,17.25,M,M,10.0,CLR,M,M,M,M,M
                 TUS,2021-04-30 15:50,-110.938,32.1203,M,M,130.00,18.40,M,M,10.0,CLR,M,M,M,M,M
TUS,2021-04-30 15:53,-110.938,32.1203,78.00,19.45,130.00,21.85,1018.60,0.00,10.0,CLR,M,M,M,M,M
                      TUS,2021-04-30 15:55,-110.938,32.1203,M,M,M,21.85,M,M,10.0,CLR,M,M,M,M,M
                      TUS,2021-04-30 16:00,-110.938,32.1203,M,M,M,21.85,M,M,10.0,CLR,M,M,M,M,M
                      TUS,2021-04-30 16:05,-110.938,32.1203,M,M,M,18.40,M,M,10.0,CLR,M,M,M,M,M
                 TUS,2021-04-30 16:10,-110.938,32.1203,M,M,100.00,16.10,M,M,10.0,CLR,M,M,M,M,M
                 TUS,2021-04-30 16:15,-110.938,32.1203,M,M,100.00,11.50,M,M,10.0,CLR,M,M,M,M,M
                 TUS,2021-04-30 16:20,-110.938,32.1203,M,M,110.00,12.65,M,M,10.0,CLR,M,M,M,M,M
                      TUS,2021-04-30 16:25,-110.938,32.1203,M,M,M,18.40,M,M,10.0,CLR,M,M,M,M,M
                 TUS,2021-04-30 16:30,-110.938,32.1203,M,M,110.00,18.40,M,M,10.0,CLR,M,M,M,M,M
                 TUS,2021-04-30 16:35,-110.938,32.1203,M,M,120.00,19.55,M,M,10.0,CLR,M,M,M,M,M
                 TUS,2021-04-30 16:40,-110.938,32.1203,M,M,120.00,18.40,M,M,10.0,CLR,M,M,M,M,M
                      TUS,2021-04-30 16:45,-110.938,32.1203,M,M,M,24.15,M,M,10.0,CLR,M,M,M,M,M
                 TUS,2021-04-30 16:50,-110.938,32.1203,M,M,120.00,17.25,M,M,10.0,CLR,M,M,M,M,M
TUS,2021-04-30 16:53,-110.938,32.1203,82.00,16.38,130.00,19.55,1018.10,0.00,10.0,CLR,M,M,M,M,M
                      TUS,2021-04-30 16:55,-110.938,32.1203,M,M,M,18.40,M,M,10.0,CLR,M,M,M,M,M
                      TUS,2021-04-30 17:00,-110.938,32.1203,M,M,M,20.70,M,M,10.0,CLR,M,M,M,M,M
                 TUS,2021-04-30 17:05,-110.938,32.1203,M,M,110.00,18.40,M,M,10.0,CLR,M,M,M,M,M
                 TUS,2021-04-30 17:10,-110.938,32.1203,M,M,100.00,17.25,M,M,10.0,CLR,M,M,M,M,M
                 TUS,2021-04-30 17:15,-110.938,32.1203,M,M,110.00,14.95,M,M,10.0,CLR,M,M,M,M,M
                 TUS,2021-04-30 17:20,-110.938,32.1203,M,M,100.00,12.65,M,M,10.0,CLR,M,M,M,M,M
                      TUS,2021-04-30 17:25,-110.938,32.1203,M,M,M,19.55,M,M,10.0,CLR,M,M,M,M,M
                      TUS,2021-04-30 17:30,-110.938,32.1203,M,M,M,12.65,M,M,10.0,CLR,M,M,M,M,M
                 TUS,2021-04-30 17:35,-110.938,32.1203,M,M,100.00,12.65,M,M,10.0,CLR,M,M,M,M,M
                 TUS,2021-04-30 17:40,-110.938,32.1203,M,M,110.00,11.50,M,M,10.0,CLR,M,M,M,M,M
                 TUS,2021-04-30 17:45,-110.938,32.1203,M,M,110.00,12.65,M,M,10.0,CLR,M,M,M,M,M
                  TUS,2021-04-30 17:50,-110.938,32.1203,M,M,80.00,12.65,M,M,10.0,CLR,M,M,M,M,M
TUS,2021-04-30 17:53,-110.938,32.1203,83.00,14.67,100.00,16.10,1018.30,0.00,10.0,CLR,M,M,M,M,M
                      TUS,2021-04-30 17:55,-110.938,32.1203,M,M,M,14.95,M,M,10.0,CLR,M,M,M,M,M
                      TUS,2021-04-30 18:00,-110.938,32.1203,M,M,M,20.70,M,M,10.0,CLR,M,M,M,M,M
                 TUS,2021-04-30 18:05,-110.938,32.1203,M,M,110.00,16.10,M,M,10.0,CLR,M,M,M,M,M
                 TUS,2021-04-30 18:10,-110.938,32.1203,M,M,110.00,11.50,M,M,10.0,CLR,M,M,M,M,M
                 TUS,2021-04-30 18:15,-110.938,32.1203,M,M,110.00,16.10,M,M,10.0,CLR,M,M,M,M,M
                 TUS,2021-04-30 18:20,-110.938,32.1203,M,M,110.00,12.65,M,M,10.0,CLR,M,M,M,M,M
                  TUS,2021-04-30 18:25,-110.938,32.1203,M,M,90.00,12.65,M,M,10.0,CLR,M,M,M,M,M
                 TUS,2021-04-30 18:30,-110.938,32.1203,M,M,100.00,10.35,M,M,10.0,CLR,M,M,M,M,M
                 TUS,2021-04-30 18:35,-110.938,32.1203,M,M,120.00,16.10,M,M,10.0,CLR,M,M,M,M,M
                 TUS,2021-04-30 18:40,-110.938,32.1203,M,M,110.00,17.25,M,M,10.0,CLR,M,M,M,M,M
                  TUS,2021-04-30 18:45,-110.938,32.1203,M,M,90.00,17.25,M,M,10.0,CLR,M,M,M,M,M
                 TUS,2021-04-30 18:50,-110.938,32.1203,M,M,100.00,14.95,M,M,10.0,CLR,M,M,M,M,M
TUS,2021-04-30 18:53,-110.938,32.1203,84.00,13.04,100.00,13.80,1017.20,0.00,10.0,CLR,M,M,M,M,M
                      TUS,2021-04-30 18:55,-110.938,32.1203,M,M,M,18.40,M,M,10.0,CLR,M,M,M,M,M
                      TUS,2021-04-30 19:00,-110.938,32.1203,M,M,M,17.25,M,M,10.0,CLR,M,M,M,M,M
                 TUS,2021-04-30 19:05,-110.938,32.1203,M,M,100.00,17.25,M,M,10.0,CLR,M,M,M,M,M
                  TUS,2021-04-30 19:10,-110.938,32.1203,M,M,90.00,12.65,M,M,10.0,CLR,M,M,M,M,M
                  TUS,2021-04-30 19:15,-110.938,32.1203,M,M,80.00,14.95,M,M,10.0,CLR,M,M,M,M,M
                      TUS,2021-04-30 19:20,-110.938,32.1203,M,M,M,19.55,M,M,10.0,CLR,M,M,M,M,M
                  TUS,2021-04-30 19:25,-110.938,32.1203,M,M,90.00,14.95,M,M,10.0,CLR,M,M,M,M,M
                  TUS,2021-04-30 19:30,-110.938,32.1203,M,M,80.00,14.95,M,M,10.0,CLR,M,M,M,M,M
                  TUS,2021-04-30 19:35,-110.938,32.1203,M,M,60.00,18.40,M,M,10.0,CLR,M,M,M,M,M
                  TUS,2021-04-30 19:40,-110.938,32.1203,M,M,40.00,12.65,M,M,10.0,CLR,M,M,M,M,M
                  TUS,2021-04-30 19:45,-110.938,32.1203,M,M,70.00,19.55,M,M,10.0,CLR,M,M,M,M,M
                 TUS,2021-04-30 19:50,-110.938,32.1203,M,M,100.00,17.25,M,M,10.0,CLR,M,M,M,M,M
TUS,2021-04-30 19:53,-110.938,32.1203,86.00,11.31,100.00,14.95,1016.40,0.00,10.0,CLR,M,M,M,M,M
                  TUS,2021-04-30 19:55,-110.938,32.1203,M,M,100.00,9.20,M,M,10.0,CLR,M,M,M,M,M
                  TUS,2021-04-30 20:00,-110.938,32.1203,M,M,90.00,16.10,M,M,10.0,CLR,M,M,M,M,M
                 TUS,2021-04-30 20:05,-110.938,32.1203,M,M,100.00,11.50,M,M,10.0,CLR,M,M,M,M,M
                  TUS,2021-04-30 20:10,-110.938,32.1203,M,M,50.00,14.95,M,M,10.0,CLR,M,M,M,M,M
                  TUS,2021-04-30 20:15,-110.938,32.1203,M,M,80.00,18.40,M,M,10.0,CLR,M,M,M,M,M
                 TUS,2021-04-30 20:20,-110.938,32.1203,M,M,110.00,20.70,M,M,10.0,CLR,M,M,M,M,M
                  TUS,2021-04-30 20:25,-110.938,32.1203,M,M,70.00,14.95,M,M,10.0,CLR,M,M,M,M,M
                  TUS,2021-04-30 20:30,-110.938,32.1203,M,M,70.00,14.95,M,M,10.0,CLR,M,M,M,M,M
                  TUS,2021-04-30 20:35,-110.938,32.1203,M,M,90.00,12.65,M,M,10.0,CLR,M,M,M,M,M
                  TUS,2021-04-30 20:40,-110.938,32.1203,M,M,80.00,12.65,M,M,10.0,CLR,M,M,M,M,M
                  TUS,2021-04-30 20:45,-110.938,32.1203,M,M,110.00,8.05,M,M,10.0,CLR,M,M,M,M,M
                  TUS,2021-04-30 20:50,-110.938,32.1203,M,M,70.00,16.10,M,M,10.0,CLR,M,M,M,M,M
  TUS,2021-04-30 20:53,-110.938,32.1203,88.00,9.77,50.00,13.80,1015.30,0.00,10.0,CLR,M,M,M,M,M
                  TUS,2021-04-30 20:55,-110.938,32.1203,M,M,70.00,17.25,M,M,10.0,CLR,M,M,M,M,M
                  TUS,2021-04-30 21:00,-110.938,32.1203,M,M,80.00,14.95,M,M,10.0,CLR,M,M,M,M,M
                  TUS,2021-04-30 21:05,-110.938,32.1203,M,M,80.00,12.65,M,M,10.0,CLR,M,M,M,M,M
                 TUS,2021-04-30 21:10,-110.938,32.1203,M,M,100.00,14.95,M,M,10.0,CLR,M,M,M,M,M
                 TUS,2021-04-30 21:15,-110.938,32.1203,M,M,120.00,12.65,M,M,10.0,CLR,M,M,M,M,M
                 TUS,2021-04-30 21:20,-110.938,32.1203,M,M,120.00,14.95,M,M,10.0,CLR,M,M,M,M,M
                 TUS,2021-04-30 21:25,-110.938,32.1203,M,M,140.00,12.65,M,M,10.0,CLR,M,M,M,M,M
                  TUS,2021-04-30 21:30,-110.938,32.1203,M,M,90.00,12.65,M,M,10.0,CLR,M,M,M,M,M
                 TUS,2021-04-30 21:35,-110.938,32.1203,M,M,100.00,10.35,M,M,10.0,CLR,M,M,M,M,M
                 TUS,2021-04-30 21:40,-110.938,32.1203,M,M,120.00,12.65,M,M,10.0,CLR,M,M,M,M,M
                 TUS,2021-04-30 21:45,-110.938,32.1203,M,M,110.00,11.50,M,M,10.0,CLR,M,M,M,M,M
                 TUS,2021-04-30 21:50,-110.938,32.1203,M,M,140.00,10.35,M,M,10.0,CLR,M,M,M,M,M
TUS,2021-04-30 21:53,-110.938,32.1203,88.00,11.02,120.00,10.35,1014.30,0.00,10.0,CLR,M,M,M,M,M
                  TUS,2021-04-30 21:55,-110.938,32.1203,M,M,110.00,9.20,M,M,10.0,CLR,M,M,M,M,M
                  TUS,2021-04-30 22:00,-110.938,32.1203,M,M,60.00,10.35,M,M,10.0,CLR,M,M,M,M,M
                  TUS,2021-04-30 22:05,-110.938,32.1203,M,M,70.00,11.50,M,M,10.0,CLR,M,M,M,M,M
                  TUS,2021-04-30 22:10,-110.938,32.1203,M,M,80.00,12.65,M,M,10.0,CLR,M,M,M,M,M
                 TUS,2021-04-30 22:15,-110.938,32.1203,M,M,120.00,12.65,M,M,10.0,CLR,M,M,M,M,M
                  TUS,2021-04-30 22:20,-110.938,32.1203,M,M,120.00,9.20,M,M,10.0,CLR,M,M,M,M,M
                  TUS,2021-04-30 22:25,-110.938,32.1203,M,M,120.00,9.20,M,M,10.0,CLR,M,M,M,M,M
                 TUS,2021-04-30 22:30,-110.938,32.1203,M,M,140.00,12.65,M,M,10.0,CLR,M,M,M,M,M
                  TUS,2021-04-30 22:35,-110.938,32.1203,M,M,150.00,9.20,M,M,10.0,CLR,M,M,M,M,M
                  TUS,2021-04-30 22:40,-110.938,32.1203,M,M,160.00,9.20,M,M,10.0,CLR,M,M,M,M,M
                   TUS,2021-04-30 22:45,-110.938,32.1203,M,M,80.00,9.20,M,M,10.0,CLR,M,M,M,M,M
                  TUS,2021-04-30 22:50,-110.938,32.1203,M,M,120.00,9.20,M,M,10.0,CLR,M,M,M,M,M
   TUS,2021-04-30 22:53,-110.938,32.1203,88.00,10.61,0.00,0.00,1013.00,0.00,10.0,CLR,M,M,M,M,M
                  TUS,2021-04-30 22:55,-110.938,32.1203,M,M,110.00,5.75,M,M,10.0,CLR,M,M,M,M,M
                   TUS,2021-04-30 23:00,-110.938,32.1203,M,M,40.00,4.60,M,M,10.0,CLR,M,M,M,M,M
                  TUS,2021-04-30 23:05,-110.938,32.1203,M,M,100.00,8.05,M,M,10.0,CLR,M,M,M,M,M
                 TUS,2021-04-30 23:10,-110.938,32.1203,M,M,100.00,10.35,M,M,10.0,CLR,M,M,M,M,M
                   TUS,2021-04-30 23:15,-110.938,32.1203,M,M,90.00,4.60,M,M,10.0,CLR,M,M,M,M,M
                    TUS,2021-04-30 23:20,-110.938,32.1203,M,M,0.00,0.00,M,M,10.0,CLR,M,M,M,M,M
                  TUS,2021-04-30 23:25,-110.938,32.1203,M,M,160.00,8.05,M,M,10.0,CLR,M,M,M,M,M
                 TUS,2021-04-30 23:30,-110.938,32.1203,M,M,100.00,12.65,M,M,10.0,CLR,M,M,M,M,M
                  TUS,2021-04-30 23:35,-110.938,32.1203,M,M,90.00,12.65,M,M,10.0,CLR,M,M,M,M,M
                   TUS,2021-04-30 23:40,-110.938,32.1203,M,M,70.00,2.30,M,M,10.0,CLR,M,M,M,M,M
                  TUS,2021-04-30 23:45,-110.938,32.1203,M,M,100.00,5.75,M,M,10.0,CLR,M,M,M,M,M
                  TUS,2021-04-30 23:50,-110.938,32.1203,M,M,80.00,12.65,M,M,10.0,CLR,M,M,M,M,M
 TUS,2021-04-30 23:53,-110.938,32.1203,88.00,10.61,90.00,11.50,1012.90,0.00,10.0,CLR,M,M,M,M,M
                      TUS,2021-04-30 23:55,-110.938,32.1203,M,M,M,14.95,M,M,10.0,CLR,M,M,M,M,M
